p,n,generator,character_order,generator_exponent,zeta_mod_p,conrey,chi2_mod_p,chip_mod_p,lambda_value,coefficients_mod_p
7,991,6,6,1,5,114,2,3,2,0;0;6;3
7,1171,2,6,1,5,421,5,5,2,0;0;5;3
7,3727,3,6,1,5,2539,4,2,2,0;0;3;0
7,3931,2,6,1,5,3314,5,5,2,0;0;2;4
7,6211,2,6,5,5,137,3,5,2,0;0;6;4
7,6547,2,6,5,5,2333,3,3,3,0;0;0;5
7,8563,2,6,5,5,5740,3,5,2,0;0;4;5
7,11059,10,6,5,5,4307,6,4,2,0;0;6;5
11,1151,17,10,9,8,468,9,4,2,0;0;4;2
11,12511,3,10,7,8,4743,5,8,2,0;0;10;4
11,15451,3,10,1,8,325,10,5,2,0;0;7;2
11,19751,7,10,9,8,16431,4,4,2,0;0;4;5
11,21031,12,10,9,8,9194,9,3,2,0;0;4;9
11,26891,6,10,1,8,11226,10,5,2,0;0;2;9
11,29131,2,10,7,8,16222,2,2,2,0;0;7;10
11,35771,6,10,7,8,25778,2,4,2,0;0;1;0
